[{"model": "contenttypes.contenttype", "pk": 1, "fields": {"app_label": "admin", "model": "logentry"}}, {"model": "contenttypes.contenttype", "pk": 2, "fields": {"app_label": "auth", "model": "permission"}}, {"model": "contenttypes.contenttype", "pk": 3, "fields": {"app_label": "auth", "model": "group"}}, {"model": "contenttypes.contenttype", "pk": 4, "fields": {"app_label": "auth", "model": "user"}}, {"model": "contenttypes.contenttype", "pk": 5, "fields": {"app_label": "contenttypes", "model": "contenttype"}}, {"model": "contenttypes.contenttype", "pk": 6, "fields": {"app_label": "sessions", "model": "session"}}, {"model": "contenttypes.contenttype", "pk": 7, "fields": {"app_label": "ShotEngine", "model": "departmentrepository"}}, {"model": "contenttypes.contenttype", "pk": 8, "fields": {"app_label": "ShotEngine", "model": "jobtitle"}}, {"model": "contenttypes.contenttype", "pk": 9, "fields": {"app_label": "ShotEngine", "model": "corporator"}}, {"model": "contenttypes.contenttype", "pk": 10, "fields": {"app_label": "ShotEngine", "model": "teammember"}}, {"model": "contenttypes.contenttype", "pk": 11, "fields": {"app_label": "ShotEngine", "model": "scene"}}, {"model": "contenttypes.contenttype", "pk": 12, "fields": {"app_label": "ShotEngine", "model": "projectbasetemplate"}}, {"model": "contenttypes.contenttype", "pk": 13, "fields": {"app_label": "ShotEngine", "model": "shotrepository"}}, {"model": "contenttypes.contenttype", "pk": 14, "fields": {"app_label": "ShotEngine", "model": "statusrepository"}}, {"model": "contenttypes.contenttype", "pk": 15, "fields": {"app_label": "ShotEngine", "model": "commentrepository"}}, {"model": "contenttypes.contenttype", "pk": 16, "fields": {"app_label": "ShotEngine", "model": "abstractsubmitter"}}, {"model": "contenttypes.contenttype", "pk": 17, "fields": {"app_label": "ShotEngine", "model": "taskrepository"}}, {"model": "contenttypes.contenttype", "pk": 18, "fields": {"app_label": "ShotEngine", "model": "shotsets"}}, {"model": "sessions.session", "pk": "8cjal7xdz7wjw0m59fo8zmarheah99t7", "fields": {"session_data": "ZjE0ZTQzMzBiNGYwNTBmMDliY2ZkM2E0MzIxMDViN2U1MGFkMTNlZTp7Il9hdXRoX3VzZXJfaGFzaCI6IjdjOGUzMWY1YjgzNDY0Y2YzYzdiMTEzODU3YmM5MmE4MTQ3MmNlMzIiLCJfYXV0aF91c2VyX2JhY2tlbmQiOiJkamFuZ28uY29udHJpYi5hdXRoLmJhY2tlbmRzLk1vZGVsQmFja2VuZCIsIl9hdXRoX3VzZXJfaWQiOiIxIn0=", "expire_date": "2016-11-17T09:45:59Z"}}, {"model": "ShotEngine.departmentrepository", "pk": 1, "fields": {"department": 0}}, {"model": "ShotEngine.departmentrepository", "pk": 2, "fields": {"department": 1}}, {"model": "ShotEngine.departmentrepository", "pk": 3, "fields": {"department": 2}}, {"model": "ShotEngine.departmentrepository", "pk": 4, "fields": {"department": 3}}, {"model": "ShotEngine.departmentrepository", "pk": 5, "fields": {"department": 4}}, {"model": "ShotEngine.departmentrepository", "pk": 6, "fields": {"department": 5}}, {"model": "ShotEngine.departmentrepository", "pk": 7, "fields": {"department": 6}}, {"model": "ShotEngine.departmentrepository", "pk": 8, "fields": {"department": 7}}, {"model": "ShotEngine.departmentrepository", "pk": 9, "fields": {"department": 8}}, {"model": "ShotEngine.departmentrepository", "pk": 10, "fields": {"department": 0}}, {"model": "ShotEngine.departmentrepository", "pk": 11, "fields": {"department": 1}}, {"model": "ShotEngine.departmentrepository", "pk": 12, "fields": {"department": 2}}, {"model": "ShotEngine.departmentrepository", "pk": 13, "fields": {"department": 3}}, {"model": "ShotEngine.departmentrepository", "pk": 14, "fields": {"department": 4}}, {"model": "ShotEngine.departmentrepository", "pk": 15, "fields": {"department": 5}}, {"model": "ShotEngine.departmentrepository", "pk": 16, "fields": {"department": 6}}, {"model": "ShotEngine.departmentrepository", "pk": 17, "fields": {"department": 7}}, {"model": "ShotEngine.departmentrepository", "pk": 18, "fields": {"department": 8}}, {"model": "ShotEngine.jobtitle", "pk": 1, "fields": {"teamPosition": 0}}, {"model": "ShotEngine.jobtitle", "pk": 2, "fields": {"teamPosition": 1}}, {"model": "ShotEngine.jobtitle", "pk": 3, "fields": {"teamPosition": 2}}, {"model": "ShotEngine.jobtitle", "pk": 4, "fields": {"teamPosition": 3}}, {"model": "ShotEngine.jobtitle", "pk": 5, "fields": {"teamPosition": 4}}, {"model": "ShotEngine.jobtitle", "pk": 6, "fields": {"teamPosition": 5}}, {"model": "ShotEngine.jobtitle", "pk": 7, "fields": {"teamPosition": 6}}, {"model": "ShotEngine.jobtitle", "pk": 8, "fields": {"teamPosition": 0}}, {"model": "ShotEngine.jobtitle", "pk": 9, "fields": {"teamPosition": 1}}, {"model": "ShotEngine.jobtitle", "pk": 10, "fields": {"teamPosition": 2}}, {"model": "ShotEngine.jobtitle", "pk": 11, "fields": {"teamPosition": 3}}, {"model": "ShotEngine.jobtitle", "pk": 12, "fields": {"teamPosition": 4}}, {"model": "ShotEngine.jobtitle", "pk": 13, "fields": {"teamPosition": 5}}, {"model": "ShotEngine.jobtitle", "pk": 14, "fields": {"teamPosition": 6}}, {"model": "ShotEngine.scene", "pk": 1, "fields": {"projectName": 1, "title": "\u9e45-\u573a", "description": "\u5236\u4f5ccg\u9e45"}}, {"model": "ShotEngine.scene", "pk": 2, "fields": {"projectName": 1, "title": "\u732a-\u573a", "description": "\u5236\u4f5ccg\u732a"}}, {"model": "ShotEngine.scene", "pk": 3, "fields": {"projectName": 2, "title": "\u5929\u5bab", "description": "\u5236\u4f5ccg\u5929\u5bab"}}, {"model": "ShotEngine.scene", "pk": 4, "fields": {"projectName": 2, "title": "\u6843\u82b1\u6797", "description": "\u5236\u4f5ccg\u6843\u82b1\u6797"}}, {"model": "ShotEngine.shotrepository", "pk": 1, "fields": {"sceneName": 1, "shotName": "MBB_E_0010", "Description": "dddd", "createTime": "2016-11-02T03:19:51Z", "PublishTime": "2016-11-02T03:19:51Z"}}, {"model": "ShotEngine.shotrepository", "pk": 2, "fields": {"sceneName": 1, "shotName": "MBB_E_0020", "Description": "", "createTime": "2016-11-02T03:20:10Z", "PublishTime": "2016-11-02T03:20:10Z"}}, {"model": "ShotEngine.shotrepository", "pk": 3, "fields": {"sceneName": 1, "shotName": "MBB_Z_0010", "Description": "dddd", "createTime": "2016-11-02T03:20:24Z", "PublishTime": "2016-11-02T03:20:24Z"}}, {"model": "ShotEngine.shotrepository", "pk": 4, "fields": {"sceneName": 4, "shotName": "MBB_taohualin_001", "Description": "", "createTime": "2016-11-02T03:39:16Z", "PublishTime": "2016-11-02T03:39:16Z"}}, {"model": "ShotEngine.shotrepository", "pk": 5, "fields": {"sceneName": 1, "shotName": "MBB_E_0030", "Description": "\u9e45\u7684\u52a8\u4f5c\u662f\u91cd\u70b9ddd", "createTime": "2016-11-02T07:51:40Z", "PublishTime": "2016-11-02T07:51:40Z"}}, {"model": "auth.permission", "pk": 1, "fields": {"name": "Can add log entry", "content_type": 1, "codename": "add_logentry"}}, {"model": "auth.permission", "pk": 2, "fields": {"name": "Can change log entry", "content_type": 1, "codename": "change_logentry"}}, {"model": "auth.permission", "pk": 3, "fields": {"name": "Can delete log entry", "content_type": 1, "codename": "delete_logentry"}}, {"model": "auth.permission", "pk": 4, "fields": {"name": "Can add permission", "content_type": 2, "codename": "add_permission"}}, {"model": "auth.permission", "pk": 5, "fields": {"name": "Can change permission", "content_type": 2, "codename": "change_permission"}}, {"model": "auth.permission", "pk": 6, "fields": {"name": "Can delete permission", "content_type": 2, "codename": "delete_permission"}}, {"model": "auth.permission", "pk": 7, "fields": {"name": "Can add group", "content_type": 3, "codename": "add_group"}}, {"model": "auth.permission", "pk": 8, "fields": {"name": "Can change group", "content_type": 3, "codename": "change_group"}}, {"model": "auth.permission", "pk": 9, "fields": {"name": "Can delete group", "content_type": 3, "codename": "delete_group"}}, {"model": "auth.permission", "pk": 10, "fields": {"name": "Can add user", "content_type": 4, "codename": "add_user"}}, {"model": "auth.permission", "pk": 11, "fields": {"name": "Can change user", "content_type": 4, "codename": "change_user"}}, {"model": "auth.permission", "pk": 12, "fields": {"name": "Can delete user", "content_type": 4, "codename": "delete_user"}}, {"model": "auth.permission", "pk": 13, "fields": {"name": "Can add content type", "content_type": 5, "codename": "add_contenttype"}}, {"model": "auth.permission", "pk": 14, "fields": {"name": "Can change content type", "content_type": 5, "codename": "change_contenttype"}}, {"model": "auth.permission", "pk": 15, "fields": {"name": "Can delete content type", "content_type": 5, "codename": "delete_contenttype"}}, {"model": "auth.permission", "pk": 16, "fields": {"name": "Can add session", "content_type": 6, "codename": "add_session"}}, {"model": "auth.permission", "pk": 17, "fields": {"name": "Can change session", "content_type": 6, "codename": "change_session"}}, {"model": "auth.permission", "pk": 18, "fields": {"name": "Can delete session", "content_type": 6, "codename": "delete_session"}}, {"model": "auth.permission", "pk": 19, "fields": {"name": "Can add department repository", "content_type": 7, "codename": "add_departmentrepository"}}, {"model": "auth.permission", "pk": 20, "fields": {"name": "Can change department repository", "content_type": 7, "codename": "change_departmentrepository"}}, {"model": "auth.permission", "pk": 21, "fields": {"name": "Can delete department repository", "content_type": 7, "codename": "delete_departmentrepository"}}, {"model": "auth.permission", "pk": 22, "fields": {"name": "Can add job title", "content_type": 8, "codename": "add_jobtitle"}}, {"model": "auth.permission", "pk": 23, "fields": {"name": "Can change job title", "content_type": 8, "codename": "change_jobtitle"}}, {"model": "auth.permission", "pk": 24, "fields": {"name": "Can delete job title", "content_type": 8, "codename": "delete_jobtitle"}}, {"model": "auth.permission", "pk": 25, "fields": {"name": "Can add Corporator", "content_type": 9, "codename": "add_corporator"}}, {"model": "auth.permission", "pk": 26, "fields": {"name": "Can change Corporator", "content_type": 9, "codename": "change_corporator"}}, {"model": "auth.permission", "pk": 27, "fields": {"name": "Can delete Corporator", "content_type": 9, "codename": "delete_corporator"}}, {"model": "auth.permission", "pk": 28, "fields": {"name": "Can add team member", "content_type": 10, "codename": "add_teammember"}}, {"model": "auth.permission", "pk": 29, "fields": {"name": "Can change team member", "content_type": 10, "codename": "change_teammember"}}, {"model": "auth.permission", "pk": 30, "fields": {"name": "Can delete team member", "content_type": 10, "codename": "delete_teammember"}}, {"model": "auth.permission", "pk": 31, "fields": {"name": "Can add scene", "content_type": 11, "codename": "add_scene"}}, {"model": "auth.permission", "pk": 32, "fields": {"name": "Can change scene", "content_type": 11, "codename": "change_scene"}}, {"model": "auth.permission", "pk": 33, "fields": {"name": "Can delete scene", "content_type": 11, "codename": "delete_scene"}}, {"model": "auth.permission", "pk": 34, "fields": {"name": "Can add project base template", "content_type": 12, "codename": "add_projectbasetemplate"}}, {"model": "auth.permission", "pk": 35, "fields": {"name": "Can change project base template", "content_type": 12, "codename": "change_projectbasetemplate"}}, {"model": "auth.permission", "pk": 36, "fields": {"name": "Can delete project base template", "content_type": 12, "codename": "delete_projectbasetemplate"}}, {"model": "auth.permission", "pk": 37, "fields": {"name": "Can add shot repository", "content_type": 13, "codename": "add_shotrepository"}}, {"model": "auth.permission", "pk": 38, "fields": {"name": "Can change shot repository", "content_type": 13, "codename": "change_shotrepository"}}, {"model": "auth.permission", "pk": 39, "fields": {"name": "Can delete shot repository", "content_type": 13, "codename": "delete_shotrepository"}}, {"model": "auth.permission", "pk": 40, "fields": {"name": "Can add status repository", "content_type": 14, "codename": "add_statusrepository"}}, {"model": "auth.permission", "pk": 41, "fields": {"name": "Can change status repository", "content_type": 14, "codename": "change_statusrepository"}}, {"model": "auth.permission", "pk": 42, "fields": {"name": "Can delete status repository", "content_type": 14, "codename": "delete_statusrepository"}}, {"model": "auth.permission", "pk": 43, "fields": {"name": "Can add comment repository", "content_type": 15, "codename": "add_commentrepository"}}, {"model": "auth.permission", "pk": 44, "fields": {"name": "Can change comment repository", "content_type": 15, "codename": "change_commentrepository"}}, {"model": "auth.permission", "pk": 45, "fields": {"name": "Can delete comment repository", "content_type": 15, "codename": "delete_commentrepository"}}, {"model": "auth.permission", "pk": 46, "fields": {"name": "Can add abstract submitter", "content_type": 16, "codename": "add_abstractsubmitter"}}, {"model": "auth.permission", "pk": 47, "fields": {"name": "Can change abstract submitter", "content_type": 16, "codename": "change_abstractsubmitter"}}, {"model": "auth.permission", "pk": 48, "fields": {"name": "Can delete abstract submitter", "content_type": 16, "codename": "delete_abstractsubmitter"}}, {"model": "auth.permission", "pk": 49, "fields": {"name": "Can add task repository", "content_type": 17, "codename": "add_taskrepository"}}, {"model": "auth.permission", "pk": 50, "fields": {"name": "Can change task repository", "content_type": 17, "codename": "change_taskrepository"}}, {"model": "auth.permission", "pk": 51, "fields": {"name": "Can delete task repository", "content_type": 17, "codename": "delete_taskrepository"}}, {"model": "auth.permission", "pk": 52, "fields": {"name": "Can add shot sets", "content_type": 18, "codename": "add_shotsets"}}, {"model": "auth.permission", "pk": 53, "fields": {"name": "Can change shot sets", "content_type": 18, "codename": "change_shotsets"}}, {"model": "auth.permission", "pk": 54, "fields": {"name": "Can delete shot sets", "content_type": 18, "codename": "delete_shotsets"}}, {"model": "auth.user", "pk": 1, "fields": {"password": "pbkdf2_sha256$24000$bzBUQwKSQDYP$In19JPeqk/4/fgbB4gnl2iu9LiNPc+uIDn+PLMoElGU=", "last_login": "2016-11-03T09:45:59Z", "is_superuser": true, "username": "hejian", "first_name": "", "last_name": "", "email": "hksac@139.com", "is_staff": true, "is_active": true, "date_joined": "2016-11-03T09:45:41Z", "groups": [], "user_permissions": []}}, {"model": "ShotEngine.corporator", "pk": 1, "fields": {"password": "pbkdf2_sha256$24000$81xbRhAkb2ac$HC0PqpD8ybW/JKYvdRc7sJXTe6lq2Oiy0PFXzsaUDzg=", "last_login": null, "is_superuser": false, "username": "hellen", "alias_name": "Hellen", "email": "hksac@139.com", "is_active": true, "is_staff": true, "job_title": 0, "department": 8, "date_joined": "2016-11-03T09:45:32Z", "groups": [], "user_permissions": []}}, {"model": "ShotEngine.corporator", "pk": 2, "fields": {"password": "pbkdf2_sha256$24000$81xbRhAkb2ac$HC0PqpD8ybW/JKYvdRc7sJXTe6lq2Oiy0PFXzsaUDzg=", "last_login": null, "is_superuser": false, "username": "jessmin", "alias_name": "Jessmin", "email": "hksac@139.com", "is_active": true, "is_staff": true, "job_title": 0, "department": 8, "date_joined": "2016-11-03T09:45:32Z", "groups": [], "user_permissions": []}}, {"model": "ShotEngine.corporator", "pk": 3, "fields": {"password": "pbkdf2_sha256$24000$81xbRhAkb2ac$HC0PqpD8ybW/JKYvdRc7sJXTe6lq2Oiy0PFXzsaUDzg=", "last_login": null, "is_superuser": false, "username": "baixiaohang", "alias_name": "\u767d\u6653\u822a", "email": "hksac@139.com", "is_active": true, "is_staff": true, "job_title": 1, "department": 8, "date_joined": "2016-11-03T09:45:32Z", "groups": [], "user_permissions": []}}, {"model": "ShotEngine.corporator", "pk": 4, "fields": {"password": "pbkdf2_sha256$24000$81xbRhAkb2ac$HC0PqpD8ybW/JKYvdRc7sJXTe6lq2Oiy0PFXzsaUDzg=", "last_login": null, "is_superuser": false, "username": "wilson", "alias_name": "\u539f\u91ce", "email": "hksac@139.com", "is_active": true, "is_staff": true, "job_title": 1, "department": 8, "date_joined": "2016-11-03T09:45:32Z", "groups": [], "user_permissions": []}}, {"model": "ShotEngine.corporator", "pk": 5, "fields": {"password": "pbkdf2_sha256$24000$81xbRhAkb2ac$HC0PqpD8ybW/JKYvdRc7sJXTe6lq2Oiy0PFXzsaUDzg=", "last_login": null, "is_superuser": false, "username": "giancarlo", "alias_name": "Giancarlo", "email": "hksac@139.com", "is_active": true, "is_staff": true, "job_title": 4, "department": 9, "date_joined": "2016-11-03T09:45:32Z", "groups": [], "user_permissions": []}}, {"model": "ShotEngine.corporator", "pk": 6, "fields": {"password": "pbkdf2_sha256$24000$81xbRhAkb2ac$HC0PqpD8ybW/JKYvdRc7sJXTe6lq2Oiy0PFXzsaUDzg=", "last_login": null, "is_superuser": false, "username": "chrisyao", "alias_name": "\u59da\u742a", "email": "hksac@139.com", "is_active": true, "is_staff": true, "job_title": 4, "department": 9, "date_joined": "2016-11-03T09:45:32Z", "groups": [], "user_permissions": []}}, {"model": "ShotEngine.corporator", "pk": 7, "fields": {"password": "pbkdf2_sha256$24000$81xbRhAkb2ac$HC0PqpD8ybW/JKYvdRc7sJXTe6lq2Oiy0PFXzsaUDzg=", "last_login": null, "is_superuser": false, "username": "jonathan", "alias_name": "\u6c88\u5efa\u8f89", "email": "hksac@139.com", "is_active": true, "is_staff": true, "job_title": 2, "department": 7, "date_joined": "2016-11-03T09:45:32Z", "groups": [], "user_permissions": []}}, {"model": "ShotEngine.corporator", "pk": 8, "fields": {"password": "pbkdf2_sha256$24000$81xbRhAkb2ac$HC0PqpD8ybW/JKYvdRc7sJXTe6lq2Oiy0PFXzsaUDzg=", "last_login": null, "is_superuser": false, "username": "fredyuan", "alias_name": "\u8881\u5b81", "email": "hksac@139.com", "is_active": true, "is_staff": true, "job_title": 2, "department": 6, "date_joined": "2016-11-03T09:45:32Z", "groups": [], "user_permissions": []}}, {"model": "ShotEngine.corporator", "pk": 9, "fields": {"password": "pbkdf2_sha256$24000$81xbRhAkb2ac$HC0PqpD8ybW/JKYvdRc7sJXTe6lq2Oiy0PFXzsaUDzg=", "last_login": null, "is_superuser": false, "username": "lijing", "alias_name": "\u674e\u6676", "email": "hksac@139.com", "is_active": true, "is_staff": true, "job_title": 3, "department": 6, "date_joined": "2016-11-03T09:45:32Z", "groups": [], "user_permissions": []}}, {"model": "ShotEngine.corporator", "pk": 10, "fields": {"password": "pbkdf2_sha256$24000$81xbRhAkb2ac$HC0PqpD8ybW/JKYvdRc7sJXTe6lq2Oiy0PFXzsaUDzg=", "last_login": null, "is_superuser": false, "username": "zhangjinchuan", "alias_name": "\u5f20\u91d1\u5ddd", "email": "hksac@139.com", "is_active": true, "is_staff": true, "job_title": 3, "department": 6, "date_joined": "2016-11-03T09:45:32Z", "groups": [], "user_permissions": []}}, {"model": "ShotEngine.corporator", "pk": 11, "fields": {"password": "pbkdf2_sha256$24000$81xbRhAkb2ac$HC0PqpD8ybW/JKYvdRc7sJXTe6lq2Oiy0PFXzsaUDzg=", "last_login": null, "is_superuser": false, "username": "wangjianfei", "alias_name": "\u738b\u5065\u98de", "email": "hksac@139.com", "is_active": true, "is_staff": true, "job_title": 3, "department": 7, "date_joined": "2016-11-03T09:45:32Z", "groups": [], "user_permissions": []}}, {"model": "ShotEngine.corporator", "pk": 12, "fields": {"password": "pbkdf2_sha256$24000$81xbRhAkb2ac$HC0PqpD8ybW/JKYvdRc7sJXTe6lq2Oiy0PFXzsaUDzg=", "last_login": null, "is_superuser": false, "username": "chenxiaolei", "alias_name": "\u9648\u5c0f\u96f7", "email": "hksac@139.com", "is_active": true, "is_staff": true, "job_title": 3, "department": 7, "date_joined": "2016-11-03T09:45:32Z", "groups": [], "user_permissions": []}}, {"model": "ShotEngine.corporator", "pk": 13, "fields": {"password": "pbkdf2_sha256$24000$81xbRhAkb2ac$HC0PqpD8ybW/JKYvdRc7sJXTe6lq2Oiy0PFXzsaUDzg=", "last_login": null, "is_superuser": false, "username": "chenzhiyao", "alias_name": "\u9648\u77e5\u7476", "email": "hksac@139.com", "is_active": true, "is_staff": true, "job_title": 5, "department": 6, "date_joined": "2016-11-03T09:45:32Z", "groups": [], "user_permissions": []}}, {"model": "ShotEngine.corporator", "pk": 14, "fields": {"password": "pbkdf2_sha256$24000$81xbRhAkb2ac$HC0PqpD8ybW/JKYvdRc7sJXTe6lq2Oiy0PFXzsaUDzg=", "last_login": null, "is_superuser": false, "username": "zhangle", "alias_name": "\u5f20\u4e50", "email": "hksac@139.com", "is_active": true, "is_staff": true, "job_title": 5, "department": 6, "date_joined": "2016-11-03T09:45:32Z", "groups": [], "user_permissions": []}}, {"model": "ShotEngine.corporator", "pk": 15, "fields": {"password": "pbkdf2_sha256$24000$81xbRhAkb2ac$HC0PqpD8ybW/JKYvdRc7sJXTe6lq2Oiy0PFXzsaUDzg=", "last_login": null, "is_superuser": false, "username": "yangjiren", "alias_name": "\u6768\u9701\u4eba", "email": "hksac@139.com", "is_active": true, "is_staff": true, "job_title": 5, "department": 7, "date_joined": "2016-11-03T09:45:32Z", "groups": [], "user_permissions": []}}, {"model": "ShotEngine.corporator", "pk": 16, "fields": {"password": "pbkdf2_sha256$24000$81xbRhAkb2ac$HC0PqpD8ybW/JKYvdRc7sJXTe6lq2Oiy0PFXzsaUDzg=", "last_login": null, "is_superuser": false, "username": "anzhenxu", "alias_name": "\u5b89\u632f\u65ed", "email": "hksac@139.com", "is_active": true, "is_staff": true, "job_title": 5, "department": 7, "date_joined": "2016-11-03T09:45:32Z", "groups": [], "user_permissions": []}}, {"model": "ShotEngine.corporator", "pk": 17, "fields": {"password": "pbkdf2_sha256$24000$81xbRhAkb2ac$HC0PqpD8ybW/JKYvdRc7sJXTe6lq2Oiy0PFXzsaUDzg=", "last_login": null, "is_superuser": false, "username": "hardwellwu", "alias_name": "\u5434\u88d5\u4e1c", "email": "hksac@139.com", "is_active": true, "is_staff": true, "job_title": 5, "department": 7, "date_joined": "2016-11-03T09:45:32Z", "groups": [], "user_permissions": []}}, {"model": "ShotEngine.projectbasetemplate", "pk": 1, "fields": {"ProjName": "\u5356\u51b0\u51b0", "ProjAliasName": "maibingbing", "ProjRootPath": "\\\\192.168.0.243\\nas\\filmServe\\1015_JA_MaiBingBing", "RawPlatesPath": "//192.168.0.243/nas/filmServe/1015_JA_MaiBingBing/VFX/rawPlates", "AssetsPath": "//192.168.0.243/nas/filmServe/1015_JA_MaiBingBing/VFX/assets", "VFXPath": "//192.168.0.243/nas/filmServe/1015_JA_MaiBingBing/VFX/sequences", "DailyPath": "//192.168.0.243/nas/filmServe/1015_JA_MaiBingBing/VFX/VFX_Dailies", "EditPath": "//192.168.0.243/nas/filmServe/1015_JA_MaiBingBing/Online", "creatTime": "2016-10-27T06:00:04Z", "modifyTime": "2016-10-27T06:00:04Z", "Producer": [1], "SuperVisor": [5], "TeamLeader": [7]}}, {"model": "ShotEngine.projectbasetemplate", "pk": 2, "fields": {"ProjName": "\u4e09\u751f", "ProjAliasName": "Three Lives", "ProjRootPath": "\\\\192.168.0.243\\nas\\filmServe\\1016_MH_ThreeLives", "RawPlatesPath": "//192.168.0.243/nas/filmServe/1016_MH_ThreeLives/VFX/rawPlates", "AssetsPath": "//192.168.0.243/nas/filmServe/1016_MH_ThreeLives/VFX/assets", "VFXPath": "//192.168.0.243/nas/filmServe/1016_MH_ThreeLives/VFX/sequences", "DailyPath": "//192.168.0.243/nas/filmServe/1016_MH_ThreeLives/VFX/VFX_Dailies", "EditPath": "//192.168.0.243/nas/filmServe/1016_MH_ThreeLives/Online", "creatTime": "2016-11-02T03:37:12Z", "modifyTime": "2016-11-03T07:49:56Z", "Producer": [2], "SuperVisor": [6], "TeamLeader": [7, 8]}}, {"model": "ShotEngine.projectbasetemplate", "pk": 3, "fields": {"ProjName": "\u86df\u73e0\u4f20", "ProjAliasName": "jiaozhuzhuan", "ProjRootPath": "\\\\192.168.0.243\\nas\\filmServe\\1019_JA_JZZ", "RawPlatesPath": "//192.168.0.243/nas/filmServe/1019_JA_JZZ/VFX/rawPlates", "AssetsPath": "//192.168.0.243/nas/filmServe/1019_JA_JZZ/VFX/assets", "VFXPath": "//192.168.0.243/nas/filmServe/1019_JA_JZZ/VFX/sequences", "DailyPath": "//192.168.0.243/nas/filmServe/1019_JA_JZZ/VFX/VFX_Dailies", "EditPath": "//192.168.0.243/nas/filmServe/1019_JA_JZZ/Online", "creatTime": "2016-11-03T07:55:03Z", "modifyTime": "2016-11-03T07:56:09Z", "Producer": [1, 2], "SuperVisor": [6], "TeamLeader": [7]}}]